timestamp_EST,n_users,url_domain,url,description
2021-01-07 00:00:36,4,washingtontimes.com,https://www.washingtontimes.com/news/2021/jan/6/xrvision-firm-claims-antifa-infiltrated-protesters/,washingtontimes.com Facial recognition firm claims antifa infiltrated Trump protesters who stormed Capitol Trump supporters say that antifa members disguised as one of them infiltrated the protesters who stormed the U.S. Capitol on Wednesday.
2021-01-07 00:04:15,4,dailywire.com,https://www.dailywire.com/news/loeffler-changes-certification-stance-after-capitol-building-swarmed,"dailywire.com Loeffler Changes Certification Stance After Capitol Building Swarmed: I Cannot Now, In Good Conscience, Object Senator Kelly Loeffler (R-GA) walked back her support for contesting the Electoral College certification in the Senate on Wednesday evening."
2021-01-05 01:32:33,3,nbcnews.com,https://www.nbcnews.com/news/us-news/proud-boys-leader-arrested-after-allegedly-destroying-d-c-church-n1252789,"nbcnews.com Proud Boys leader arrested, accused of destroying D.C. church's Black Lives Matter sign Enrique Tarrio was arrested as the group was sued in the destruction of a Black Lives Matter sign at another D.C. church during pro-Trump protests."
2021-01-07 02:04:15,3,dailywire.com,https://www.dailywire.com/news/infamy-chuck-schumer-compares-capitol-chaos-to-pearl-harbor,dailywire.com Infamy: Chuck Schumer Compares Capitol Chaos To Pearl Harbor
2021-01-07 03:00:40,3,foxnews.com,https://www.foxnews.com/politics/live-updates-pence-has-power-to-block-certification-trump-says,
2021-01-07 04:07:35,3,dailywire.com,https://www.dailywire.com/news/biden-condemns-insurrection-calls-on-trump-to-make-address-and-end-this-siege,"dailywire.com Biden Condemns Insurrection, Calls On Trump To Make Televised Address And End This Siege Democratic presidential candidate Joe Biden condemned violence and rioting after a pro-Trump crowd stormed the Capitol on Wednesday."
2021-01-08 19:58:00,3,dailywire.com,https://www.dailywire.com/news/former-ag-barr-trump-betrayed-his-office-and-supporters-orchestrated-a-mob-over-election-loss,"dailywire.com Former AG Barr: Trump Betrayed His Office And Supporters, Orchestrated A Mob Over Election Loss Former Attorney General William Barr accused President Trump of orchestrating a mob to stop Congress from certifying President-elect Joe Bidens 2020"
2021-01-05 14:01:09,2,usatoday.com,https://www.usatoday.com/story/news/nation/2021/01/04/january-6-dc-protests-against-election-certification-could-violent/4132441001/,"usatoday.com Nation's capital braces for violence as extremist groups converge to protest Trump's election loss The Washington Metropolitan Police Department has stepped up precautions, including erecting signs stating that open carry of guns is illegal."
2021-01-05 14:21:46,2,foxnews.com,https://www.foxnews.com/us/rep-lauren-boebert-bringing-her-gun-congress-in-viral-new-ad,
2021-01-07 00:02:44,2,leadstories.com,https://leadstories.com/hoax-alert/2021/01/fact-check-man-wearing-horns-with-a-tattoo-storming-the-capitol-is-not-antifa-pedophile-he-is-a-qanon-trump-supporter.html,Lead Stories Fact-Check Fact Check: Tattooed Man Wearing Horns Storming The Capitol Is NOT Antifa/Pedophile -- He Is A QAnon/Trump Supporter | Lead Stories Is this man photographed storming the U.S. Capitol in fur and horns an antifa activist working to make supporters of...
2021-01-07 01:10:01,2,newsbreak.com,https://www.newsbreak.com,"newsbreak.com Woman shot by law enforcement inside Capitol building has died, NBC News reports | News Break (KGET) A woman shot by law enforcement as Trump supporters rushed inside the Capitol building Wednesday afternoon has died, according to NBC News. BREAKING: 1 person was shot this afternoon inside the U.S. Capitol building by a member of law enforcement as Trump supporters stormed the building, ..."
2021-01-07 04:16:57,2,npr.org,https://www.npr.org/2021/01/07/954234902/congress-certifies-biden-victory-after-pro-trump-rioters-storm-the-capitol,npr.org Congress Certifies Biden Victory After Pro-Trump Rioters Storm The Capitol Lawmakers returned to the Capitol after hours of chaos in which protesters forced their way into the building and abruptly halted Congress' tally of Electoral College votes.
2021-01-07 05:06:58,2,nypost.com,https://nypost.com/2021/01/06/protester-killed-in-capitol-was-air-force-vet-from-california/,"nypost.com Ashli Babbitt, protester killed at Capitol, was Air Force vet from California The President Trump supporterkilled in the Capitol building Wednesdaywas an Air Force vet from California who tweeted a day earlier how nothing will stop us and the"
2021-01-07 06:15:55,2,senate.gov,https://www.romney.senate.gov/romney-condemns-insurrection-us-capitol,"romney.senate.gov Romney Condemns Insurrection at U.S. Capitol Following are prepared remarks by Senator Mitt Romney (R-UT), who had previously planned to address his colleagues in todays Senate session:"
2021-01-07 20:44:07,2,dailywire.com,https://www.dailywire.com/news/msnbcs-reid-racist-cops-go-soft-on-capitol-rioters-because-theyre-white,"dailywire.com MSNBCs Reid: Racist Cops Go Soft On Capitol Rioters Because Theyre White On Wednesday, in the midst of the chaos and turmoil as rioters attacked the U.S. Capitol, (with one woman apparently having died from being shot), MSNBCs"
2021-01-08 00:10:44,2,rumble.com,https://rumble.com/vcj9fr-tucker-absolutely-exposes-media-for-double-standard-on-riots.html,"rumble.com Tucker Absolutely EVISCERATES Media for Double Standard on ""Riots"" It seems the left has changed its stance on riots seemingly overnight."
2021-01-08 00:13:20,2,nbcnews.com,https://www.nbcnews.com/news/us-news/woman-killed-capitol-was-trump-supporter-who-embraced-conspiracy-theories-n1253285,nbcnews.com Woman killed in Capitol was Trump supporter who embraced conspiracy theories Social media profiles connected to Ashli Babbitt were almost singularly focused on radical conservative topics and conspiracy theories.
2021-01-08 00:14:48,2,usatoday.com,https://www.usatoday.com/story/news/nation/2021/01/07/dc-riots-ashli-babbitt-killed-capitol-attack-military-veteran/6577488002/,"usatoday.com California woman killed during Capitol riot was a military veteran and staunch Trump supporter Ashli Babbitt, the woman shot while storming the nation's Capitol, was an Air Force veteran who posted extremist tweets in the days before her death"
2021-01-08 00:14:48,2,nypost.com,https://nypost.com/2021/01/07/dc-police-release-photos-of-suspects-in-us-capitol-siege/,"nypost.com DC police release photos of suspects in US Capitol siege Police in Washington DC have released dozens of photos of President Trump supporters who stormed the US Capitol on Wednesday, causing widespread damage and sending the nations capital into l"
2021-01-08 01:00:40,2,cnn.com,https://www.cnn.com/2021/01/06/politics/gallery/electoral-college-vote-count/index.html,"flip.it In pictures: Pro-Trump rioters breach the US Capitol on historic day in Congress In a stunning display of insurrection, supporters of President Donald Trump breached the US Capitol on Wednesday while Congress was meeting to certify the Electoral College's votes for president and vice president.The Capitol was put on lockdown and the certification vote was paused after the rioter..."
2021-01-08 01:03:52,2,dailywire.com,https://www.dailywire.com/news/breaking-gop-rep-urges-pence-cabinet-to-invoke-25th-amendment-after-capitol-riots-says-trump-unfit,
2021-01-08 02:00:37,2,foxnews.com,https://www.foxnews.com/politics/trump-condemns-heinous-attack-capitol-healing,
2021-01-08 02:06:58,2,rumble.com,https://rumble.com/vcj3a3-president-trump-addresses-the-nation-on-capitol-hill-siege.html,rumble.com President Trump Addresses the Nation on Capitol Hill Siege President Trump speaks about yesterday's events
2021-01-08 02:07:37,2,thefederalist.com,https://thefederalist.com/2021/01/07/28-times-media-and-democrats-excused-or-endorsed-violence-committed-by-left-wing-activists/,"thefederalist.com 28 Times Media And Democrats Excused Violence By Left-Wing Activists After excusing and ignoring riots from leftists, Democrats and their allies in the media are ready to condemn riots now that the turmoil has shifted."
2021-01-08 03:00:53,2,dailycaller.com,https://dailycaller.com/2021/01/07/red-pilled-america-greg-gutfeld-media-mob-double-standard/,"dailycaller.com This Is A Red-Pilled America: Greg Gutfeld Unloads On Medias Mob Double Standard Greg Gutfeld unloaded on the media's double standard with regard to political violence, saying that consistency was what made conservatives different."
2021-01-08 04:04:54,2,foxnews.com,https://www.foxnews.com/politics/facebook-blocks-trump-indefinitely-capitol-riot-response,"foxnews.com Facebook blocks Trump indefinitely after Capitol riot response Facebook CEO Mark Zuckerberg on Thursday said that President Trumps Facebook and Instagram accounts will be blocked ""indefinitely,"" and for at least the next two weeks before Inauguration Day."
2021-01-08 06:12:46,2,breitbart.com,https://www.breitbart.com/law-and-order/2021/01/07/michelle-obama-trump-capitol-rioters-desecrated-center-american-government/,"breitbart.com Michelle Obama: Trump, Rioters 'Desecrated the Center of American Government' Michelle Obama on Thursday slammed Trump and those who rioted in the U.S. Capitol, saying they ""desecrated the center of American government."""
2021-01-08 07:11:43,2,steynonline.com,https://www.steynonline.com/10919/potemkin-parliament-pseudo-legislature,"steynonline.com Potemkin Parliament, Pseudo-Legislature As I said earlier, I find myself at odds with virtually the entire politico-media class in my reaction to the ""storming"" of the US Capitol. As I put it: The political class (represented by a Speaker who flies home to San Francisco on her own government"
2021-01-08 11:57:26,2,dailywire.com,https://www.dailywire.com/news/karl-rove-the-republican-party-is-in-disarray,"dailywire.com Karl Rove: 'The Republican Party Is In Disarray' In the wake of the riot on Capitol Hill Wednesday afternoon, Republicans from all corners of the party have been stepping up to collectively condemn the"
2021-01-08 12:36:02,2,ifcj.org,https://www.ifcj.org/news/stand-for-israel/israel-stands-for-america-in-tel-aviv/,"ifcj.org Tel Aviv Lights Up with American Flag - Israel Stands for America After rioters invaded the U.S. Capitol, America's greatest ally - Israel - is lighting up Tel Aviv in solidarity with her American friends."
2021-01-04 20:52:19,1,youtube.com,https://www.youtube.com/watch?v=%5B%27-fQu7gZQ65Q%27%5D&feature=%5B%27youtu.be%27%5D,"youtube.com President Donald Trump Rally LIVE in Dalton, GA 1/4/21 Monday, January 4, 2021: Join the RSBN Team for LIVE coverage from Dalton, GA as President Donald Trump holds a Victory Rally for Senator David Perdue and Se..."
2021-01-05 00:09:48,1,dailywire.com,https://www.dailywire.com/news/dc-mayor-calls-in-national-guard-to-help-handle-pro-trump-protest,"dailywire.com DC Mayor Calls In National Guard To Help Handle Pro-Trump Protest Washington, D.C., Mayor Muriel Bowser has asked the Department of Defense to activate the National Guard to help keep peace on Wednesday when thousands of"
2021-01-05 05:03:42,1,dailycaller.com,https://dailycaller.com/2021/01/04/enrique-tarrio-arrested-washington-dc/,"dailycaller.com Proud Boys Leader Arrested Ahead Of Washington, DC Protests The national leader of the Proud Boys was reportedly arrested in Washington, D.C. on charges of destruction of property"
2021-01-05 11:20:19,1,washingtontimes.com,https://www.washingtontimes.com/news/2021/jan/5/josh-hawley-blasts-antifa-scumbags-who-held-protes/,"washingtontimes.com Josh Hawley accuses Antifa scumbags of threatening wife, baby at familys home Sen. Josh Hawley, Missouri Republican, accused Antifa scumbags of terrorizing his wife and newborn baby with a noisy protest outside his home Monday night over his plan to object to the Electoral College certification."
2021-01-05 12:43:16,1,rumble.com,https://rumble.com/vcgdlf-unhinged-leftist-mob-shows-up-at-gop-senators-house-pounds-on-door.html,rumble.com Leftist Mob Shows Up at GOP Senator's House With Wife & Newborn Inside These leftist loons are taking our nation down a very dangerous road.
2021-01-05 17:00:07,1,thepoliticalinsider.com,https://thepoliticalinsider.com/dc-mayor-bowser-prepares-national-guard-to-police-trump-supporters-seeking-confrontation-at-upcoming-rally/,thepoliticalinsider.com DC Mayor Bowser Prepares National Guard To Police Trump Supporters 'Seeking Confrontation' At Upcoming Rally D.C. Mayor Muriel Bowser announced that she was readying about 100 D.C. National Guard troops to police the thousands of Trump supporters
2021-01-05 17:00:07,1,fox17.com,https://fox17.com/news/nation-world/dc-on-edge-ahead-of-planned-protests-wednesday,
2021-01-05 19:39:06,1,washingtontimes.com,https://www.washingtontimes.com/news/2021/jan/5/kyle-rittenhouse-illinois-teen-pleads-not-guilty-k/,
2021-01-05 20:39:20,1,theblaze.com,https://www.theblaze.com/news/us-womens-soccer-team-black-lives-matter,"theblaze.com US women's soccer team wear 'Black Lives Matter' uniforms, protest national anthem in Europe 'Today, we wear Black Lives Matter to affirm human decency'"
2021-01-05 20:39:20,1,dailycaller.com,https://dailycaller.com/2021/01/05/kyle-rittenhouse-pleads-not-guilty-charges-homicide-kenosha/,"dailycaller.com Accused Kenosha Gunman Kyle Rittenhouse Pleads Not Guilty On All Charges, Including Intentional Homicide Kyle Rittenhouse, the 18-year-old accused of killing two people during a riot in Kenosha, Wisconsin, has pleaded not guilty on all charges filed against him."
2021-01-06 00:00:34,1,foxnews.com,https://www.foxnews.com/us/kyle-rittenhouse-pleads-not-guilty-kenosha,"foxnews.com Kyle Rittenhouse pleads not guilty to Kenosha shooting charges Kyle Rittenhouse entered not guilty pleas to all charges in connection with a string of felonies in Kenosha, Wisc., during a protest over the summer."
2021-01-06 00:07:51,1,pbs.org,https://www.pbs.org/newshour/politics/trump-says-hell-fight-like-hell-to-hold-on-to-presidency,
2021-01-06 01:07:01,1,redstateobserver.com,http://redstateobserver.com/article.asp?id=%5B%27178927%27%5D,"redstateobserver.com DC Mayor Bans Guns Ahead Of Trump Rally, Warns Residents Not To Interact With Attendees News you need to know"
2021-01-06 03:01:31,1,yahoo.com,https://news.yahoo.com/at-georgia-rally-pence-says-america-will-hear-the-evidence-of-election-fraud-on-jan-6-193148658.html,"news.yahoo.com At Georgia rally, Pence says America will 'hear the evidence' of election fraud on Jan. 6 Vice President Mike Pence said Monday that the case for widespread election fraud would be made to the American people when Congress meets this week to certify President-elect Joe Bidens victory over President Trump."
2021-01-06 04:11:15,1,nytimes.com,https://www.nytimes.com/live/2021/01/04/us/joe-biden-trump/the-leader-of-the-far-right-proud-boys-was-arrested-in-washington,"nytimes.com The leader of the far-right Proud Boys was arrested in Washington. LiveUpdated Jan. 4, 2021, 6:28 p.m. ETJan. 4, 2021, 6:28 p.m. ETLive Updates: Georgia Official Blasts Trump for Repeating Falsehoods on Eve of Two Critical Senate RunoffsIt was like Groundhog Day, a top election official said of once again having to debunk President Trumps baseless claims o..."
2021-01-06 07:01:40,1,breitbart.com,https://www.breitbart.com/law-and-order/2021/01/05/watch-violence-breaks-out-as-cops-block-pro-trump-protesters-from-blm-plaza/,breitbart.com WATCH: Violence Breaks Out as Cops Block Pro-Trump Protesters from BLM Plaza
2021-01-06 08:46:33,1,billoreilly.com,https://www.billoreilly.com/video/video-of-the-day?vid=%5B%27-708825359736702562%27%5D,billoreilly.com Radicals Disturb the Peace at GOP Senator's Home A band of protesters brandishing a bullhorn screamed and shouted outside the DC home of Republican Senator Josh Hawley.
2021-01-06 10:36:00,1,theblaze.com,https://www.theblaze.com/glenn-radio/stop-the-steal-rally-dc,theblaze.com Glenn Beck's advice to 'Stop the Steal' rallygoers: DON'T engage with Antifa Don't let them provoke you
2021-01-06 11:37:47,1,wgme.com,https://wgme.com/news/nation-world/save-america-march-rally-draws-thousands-on-day-two-of-demonstrations-in-dc,"wgme.com 'Save America March' rally draws thousands on day two of demonstrations in DC WASHINGTON (WJLA) Thousands of people are gathering for the ""Save America March"" Wednesday on day two of planned demonstrations in the District. These demonstrations are happening on the same day Congress is expected to certify the Electoral College results for Joe Biden, which President Don..."
2021-01-06 11:42:59,1,thehill.com,https://thehill.com/homenews/news/532865-stacey-abrams-gets-kudos-for-work-in-georgia-runoff-election,"thehill.com Stacey Abrams gets kudos for work in Georgia runoff election ""A special heartfelt thank you to Stacey Abrams,"" wrote former Labor Secretary Robert Reich. ""Although she goes out of her way to say this has been a team effort -- and indeed, it has been -- every team needs the inspiration and wisdom of a great leader. She has been a great leader."""
2021-01-06 11:55:26,1,rumble.com,https://rumble.com/vcgu1x-dc-is-starting-to-panic-as-it-becomes-clear-how-massive-pro-trump-rally-wil.html,rumble.com DC Is Starting to Panic as It Becomes Clear How MASSIVE Pro-Trump Rally Will Be This is going to be BIG and they know it. DC Mayor Muriel Bowser is already trying to clamp down ahead of the rally.
2021-01-06 15:19:51,1,nymag.com,https://nymag.com/intelligencer/2021/01/trump-supporters-storm-u-s-capitol.html,"nymag.com U.S. Congress Under Attack, Trump Supporters Enter Capitol Building House and Senate staff are being evacuated while U.S. Capitol Police repel an apparent attack on the certification of Joe Bidens victory."
2021-01-06 16:20:08,1,cnn.com,https://www.cnn.com/politics/live-news/congress-electoral-college-vote-count-2021/index.html,
2021-01-06 16:59:16,1,youtube.com,https://www.youtube.com/watch?v=%5B%27_dGyEhnhGdw%27%5D&feature=%5B%27youtu.be%27%5D,youtube.com BREAKING: Trump Supporters Breach Barriers and Storm Capitol #StoptheSteal #MAGA #StatusCoupSUBSCRIBE to this channel to catch all of our reporting. It costs a lot to report in-field and bring you historic moments - if...
2021-01-06 17:06:27,1,c-span.org,https://www.c-span.org/,
2021-01-06 17:47:09,1,dailywire.com,https://www.dailywire.com/news/breaking-d-c-enacts-lockdowns-after-trump-supporters-storm-capitol-force-evacuations,"dailywire.com BREAKING: D.C. Enacts Lockdowns After Trump Supporters Storm Capitol, Force Evacuations Washington, D.C., Mayor Muriel Bowser announced on Wednesday afternoon that she was instituting a citywide curfew for the entire city at 6:00 in response"
2021-01-06 20:48:53,1,people.com,https://people.com/politics/woman-dies-shot-at-capitol-building/,people.com Woman Dies After Being Shot During Riot as Trump Supporters Stormed the Capitol Building Trump-supporting rioters breached the Capitol building on Wednesday
2021-01-07 00:00:36,1,americanmilitarynews.com,https://americanmilitarynews.com/2021/01/pics-vids-thousands-protest-election-results-at-dc-stop-the-steal-pro-trump-rally/,"americanmilitarynews.com Videos: Thousands protest election results at DC 'Stop the Steal' pro-Trump rally | American Military News Thousands of supporters of President Donald Trump descended upon Washington, D.C., Wednesday for a ""Stop the Steal"" rally to protest certifying the 2020"
2021-01-07 00:00:36,1,foxnews.com,https://www.foxnews.com/us/capitol-hill-protest-bomb-threat-evacuated,"foxnews.com San Diego woman IDd as person shot dead inside Capitol The woman fatally shot inside the U.S. Capitol Wednesday has been identified as Ashli Babbitt, a friend confirms to Fox News. Babbitt was a 14-year veteran who served four tours with the Air Force and resided in San Diego, according to media reports."
2021-01-07 00:01:44,1,redstateobserver.com,http://redstateobserver.com/article.asp?id=%5B%27179031%27%5D,redstateobserver.com Woman shot and killed in US Capitol identified News you need to know
2021-01-07 00:02:44,1,npr.org,https://www.npr.org/sections/congress-electoral-college-tally-live-updates/2021/01/06/954125266/rep-omar-says-she-is-drafting-new-articles-of-impeachment-against-trump,"npr.org Rep. Omar Says She Is Drafting New Articles Of Impeachment Against Trump ""We can't allow him to remain in office, it's a matter of preserving our Republic and we need to fulfill our oath,"" wrote the Minnesota Democrat, as Trump supporters stormed the U.S. Capitol."
2021-01-07 00:07:59,1,bbc.com,https://www.bbc.com/news/world-us-canada-55568613,bbc.com World leaders react to 'horrifying' scenes in Washington
2021-01-07 00:13:20,1,thedispatch.com,https://factcheck.thedispatch.com/p/were-antifa-supporters-among-those,The Dispatch Fact-Check Were Antifa Supporters Among Those Who Overtook the Capitol Building? Tweets from Lin Wood are misleading.
2021-01-07 01:02:08,1,nbcnews.com,https://www.nbcnews.com/tech/social-media/facebook-youtube-twitter-remove-video-trump-amid-chaos-capitol-n1253157,nbcnews.com Twitter locks President Trump's account; removes 3 tweets
2021-01-07 02:05:25,1,axios.com,https://www.axios.com/former-presidents-slam-capitol-insurrection-4e56c7fb-ea0b-4d8c-8476-8fff1da4da53.html,"axios.com Former presidents denounce ""insurrection"" and ""assault"" on U.S. Capitol Jimmy Carter described the violence as a ""national tragedy"" that ""is not who we are as a nation."""
2021-01-07 02:07:35,1,dailywire.com,https://www.dailywire.com/news/george-w-bush-condemns-sickening-and-heartbreaking-chaos-at-capitol,dailywire.com A Banana Republic: George W. Bush Condemns Sickening And Heartbreaking Chaos At Capitol Former President George W. Bush condemned the chaos that roiled the Capitol on Wednesday as protesters breached the seat of Congress.
2021-01-07 03:10:37,1,theblaze.com,https://www.theblaze.com/news/ilhan-omar-impeach-trump-rioting,
2021-01-07 03:13:31,1,dailymail.co.uk,https://www.dailymail.co.uk/news/article-9120779/PICTURED-Trump-supporter-Air-Force-vet-shot-killed-storming-Capitol.html,dailymail.co.uk Trump-supporting Air Force vet is seen climbing through window at Capitol seconds before being shot
2021-01-07 04:00:36,1,thepoliticalinsider.com,https://thepoliticalinsider.com/trump-tells-his-supporters-to-go-home-in-peace-after-they-storm-the-capitol/,thepoliticalinsider.com Trump Tells His Supporters To Go Home In Peace After They Storm The Capitol President Donald Trump has told his supporters to go home in peace after they stormed the Capitol on Wednesday.
2021-01-07 04:00:36,1,thepoliticalinsider.com,https://thepoliticalinsider.com/woman-shot-protesters-storm-u-s-capitol-protests-after-trump-maga-rally/,
2021-01-07 04:02:44,1,pix11.com,https://www.pix11.com/news/election-2020/congress-certifies-2020-election-for-joe-biden-and-kamala-harris-after-day-of-capitol-breach-gop-objections,"pix11.com Congress certifies 2020 election for Joe Biden and Kamala Harris after day of Capitol breach, GOP objections Congress certified Electoral College votes for Joe Biden."
2021-01-07 04:02:44,1,cnn.com,https://www.cnn.com/politics/live-news/congress-electoral-college-vote-count-2021/h_47d7ee374435cc40a35a92cb450f3e25,Breaking 20 mins
2021-01-07 04:05:25,1,thefederalist.com,https://thefederalist.com/2021/01/06/facebook-will-ban-and-delete-all-photos-and-videos-of-any-aspect-of-wednesday-protests/,thefederalist.com Facebook Will Ban And Delete All Photos And Videos Of Capitol Riots Facebook announced it would be stripping all photos and videos featuring Wednesday's riots at the U.S. Capitol.
2021-01-07 04:05:25,1,axios.com,https://www.axios.com/congress-certifies-biden-electoral-college-win-eeb6ba0a-0bc7-4508-ada7-9c1b93aca416.html,axios.com Congress certifies Joe Biden's Electoral College win It confirms his victory after a day that saw the Capitol sieged by a mob of Trump supporters.
2021-01-07 04:11:15,1,pbs.org,https://www.pbs.org/newshour/politics/romney-blames-trump-for-inciting-violent-insurrection,"pbs.org Romney blames Trump for inciting violent 'insurrection' Romney, the GOPs 2012 presidential nominee and a frequent critic of Trump's, said the violent breach of the Capitol on Wednesday was due to a selfish mans injured pride and the outrage of his supporters whom he has deliberately misinformed for the past two months."
2021-01-07 05:01:25,1,wthr.com,https://www.wthr.com/article/news/nation-world/biden-electoral-college-congress-certification-objections/507-39cb8720-2200-4623-96f8-c352ea6f8437,
2021-01-07 05:10:34,1,senate.gov,https://www.ronjohnson.senate.gov/public//index.cfm,"ronjohnson.senate.gov Statement from U.S. Senator Ron Johnson on Electoral College Proceedings - Press Releases - Ron Johnson Jan 07 2021 Statement from U.S. Senator Ron Johnson on Electoral College Proceedings What follows is the speech I was going to deliver on the Senate floor explaining my concerns about the election in Arizona. Unfortunately, lawless protesters entered the Capitol and by consensus we decided to expedi..."
2021-01-07 05:11:07,1,thehill.com,https://thehill.com/homenews/house/533052-congress-affirms-biden-win-after-rioters-terrorize-capitol,thehill.com Congress affirms Biden win after rioters terrorize Capitol Congress on early Thursday morning formally affirmed President-elect Joe Bidens election victory after a mob supporting President Trump violently broke into the Capitol the day before.
2021-01-07 05:12:40,1,washingtonpost.com,https://www.washingtonpost.com/dc-md-va/2021/01/06/dc-protests-trump-rally-live-updates/,washingtonpost.com Live updates: Woman dies after shooting in U.S. Capitol; D.C. National Guard activated after mob breaches building Thousands of President Trumps supporters rallied in downtown Washington on Wednesday to falsely assert the presidential election was stolen from Trump. Follow along for live updates.
2021-01-07 05:12:40,1,apnews.com,https://apnews.com/article/ap-electoral-college-congress-7af85d3c702e070464d7713c42cf254a,apnews.com The Latest: Trump appears to justify backers' Capitol attack WASHINGTON (AP) The Latest on Congress tally of the Electoral College vote won by Joe Biden (all times local): 6:25 p.m. President Donald Trump has appeared to justify the violent...
2021-01-07 05:13:18,1,sacbee.com,https://www.sacbee.com/news/local/history/article148667224.html,"amp.sacbee.com From the pages of The Bee, 1967: Armed Black Panthers invade Capitol The Sacramento Bee is celebrating its 160th anniversary this year. This story is part of our ongoing coverage."
2021-01-07 07:03:42,1,breitbart.com,https://www.breitbart.com/politics/2021/01/06/woman-shot-killed-capitol-14-year-veteran/,"breitbart.com Woman Shot, Killed Inside Capitol Identified as 14-Year Veteran The woman who was shot and killed in the Capitol was identified as Ashli Babbitt, a 14-year veteran who served four tours with the Airforce."
2021-01-07 07:21:46,1,youtube.com,https://www.youtube.com/watch?v=%5B%27cGUCq5fpMGo%27%5D,"youtube.com Inauguration Protest In Washington Turns Violent Protesters hurled rocks and smashed windows in downtown Washington, D.C. on January 20 ahead of the inauguration of Donald Trump as U.S. president. Police re..."
2021-01-07 08:18:30,1,thehill.com,https://thehill.com/homenews/state-watch/533012-governors-respond-to-violence-at-us-capitol,thehill.com Governors respond to violence at Capitol Governors from both parties spoke out against Wednesday's riot that unfolded on Capitol Hill as lawmakers met in a joint session of Congress to certify the electoral votes from November's presidential election
2021-01-07 08:28:13,1,dailymail.co.uk,https://www.dailymail.co.uk/news/article-9119427/Mike-Pence-REFUSES-follow-Donald-Trumps-demand-overturn-Joe-Bidens-victory.html,dailymail.co.uk | By DAILY MAIL Trump supporter shot dead during bloody chaos at the Capitol is identified as Air Force veteran
2021-01-07 08:32:00,1,azcentral.com,https://www.azcentral.com/story/news/politics/arizona/2021/01/06/arizona-qanon-supporter-jake-angeli-joins-storming-u-s-capitol/6568513002/,"azcentral.com Longtime Arizona QAnon supporter in horned helmet joins storming of U.S. Capitol The man was seen in photographs from Washington, D.C., amid protesters who turned violent and stormed the building."
2021-01-07 09:28:17,1,theconversation.com,http://theconversation.com/delighting-in-causing-complete-chaos-whats-behind-trump-supporters-brazen-storming-of-the-capitol-152808,"theconversation.com 'Delighting in causing complete chaos': what's behind Trump supporters' brazen storming of the Capitol Trump has claimed for weeks the election is stolen. Having fired up his supporters in this way, it became much harder to control mob behaviour."
2021-01-07 09:52:01,1,go.com,https://abcnews.go.com/Politics/capitol-breached-protesters/story,abcnews.go.com Capitol breached by pro-Trump protesters
2021-01-07 10:12:46,1,businessinsider.com,https://www.businessinsider.com/trump-supporters-falsely-claim-a-far-right-activist-at-the-us-capitol-is-actually-a-liberal-2021-1,"businessinsider.com Trump supporters falsely claim a far-right activist at the US Capitol is actually a liberal - Business Insider On social media, supporters of the outgoing president misrepresented a photo of the man counter-protesting Black Lives Matter as him supporting it."
2021-01-07 10:19:43,1,billoreilly.com,https://www.billoreilly.com/video/video-of-the-day?vid=%5B%27758315012191620314%27%5D,"billoreilly.com Palin Blames Antifa For Capitol Violence Some conservatives, Sarah Palin among them, believe far-left radicals were among those who stormed the Capitol."
2021-01-07 10:27:10,1,youtube.com,https://www.youtube.com/watch?v=%5B%27yyhCLWpt4us%27%5D&feature=%5B%27youtu.be%27%5D,"youtube.com Hong Kong protesters sing American national anthem and chant 'USA, USA' What's the difference between young freedom activists in Hong Kong and young socialist activists in the United States? One group loves America and covets the..."
2021-01-07 10:41:48,1,newsmax.com,https://www.newsmax.com/t/newsmax/article/1004555/1,
2021-01-07 11:01:05,1,washingtonpost.com,https://www.washingtonpost.com/local/trump-supporters-storm-capitol-dc/2021/01/06/58afc0b8-504b-11eb-83e3-322644d82356_story.html,
2021-01-07 11:18:12,1,breitbart.com,https://www.breitbart.com/tech/2021/01/07/facebook-blacklists-donald-trump-indefinitely/,breitbart.com Facebook Blacklists Donald Trump 'Indefinitely'
2021-01-07 12:41:48,1,theguardian.com,http://www.theguardian.com/us-news/2021/jan/07/ashli-babbitt-woman-shot-and-killed-in-storming-of-us-capitol-named,"theguardian.com Woman shot and killed in storming of US Capitol named as Ashli Babbitt Police shot Babbitt, 35, a military veteran and Trump supporter, reportedly as she tried to break through door"
2021-01-07 13:26:44,1,foxnews.com,http://video.foxnews.com/v/6220971886001/,video.foxnews.com Media has selectively shown indignation towards violence: Raymond Arroyo 'The Ingraham Angle's' Raymond Arroyo compares media coverage of the Capitol Hill violence to coverage of the 2020 violence in cities across America.
2021-01-07 13:49:39,1,dailydot.com,https://www.dailydot.com/debug/qanon-shaman-house-chamber-jake-angeli/,dailydot.com Major QAnon figure stands atop House chamber in fur costume A prominent QAnon figure knows as the Q shaman was photographed in furs in the House chamber as Trump fans stormed the Capitol building.
2021-01-07 14:04:37,1,foxnews.com,https://www.foxnews.com/politics/schumer-remove-trump-capitol-riot-25th-amendment-impeachment,"foxnews.com Schumer calls for Trump to be removed from office after Capitol riot Senate Democratic Leader Chuck Schumer on Thursday said Vice President Pence should ""immediately"" invoke the 25th Amendment and remove President Trump from office, while warning that if he refuses, Congress should ""impeach the president."""
2021-01-07 15:48:34,1,reuters.com,https://www.reuters.com/article/us-usa-election-capitol-security-insight-idUSKBN29C0R5,"reuters.com How security failures enabled Trump mob to storm U.S. Capitol By Joseph Tanfani, John Shiffman, Brad Heath and Mark Hosenball"
2021-01-07 16:17:41,1,postandcourier.com,https://www.postandcourier.com/politics/lindsey-graham-opposes-ousting-trump-for-now-after-day-of-violence-in-washington/article_0aa25998-511e-11eb-a03d-6b9a547679f9.html,"postandcourier.com Lindsey Graham opposes ousting Trump 'for now' after day of violence in Washington In a news conference on Capitol Hill, Graham said he was ""embarrassed and disgusted"" that the Capitol had been ""taken over by domestic terrorists while we're in session transferring power"
2021-01-07 16:17:41,1,thefederalist.com,https://thefederalist.com/2021/01/07/abc-news-political-director-calls-for-cleansing-of-trump-voters/,"thefederalist.com ABC News Political Director Calls For Cleansing Of Trump Voters ABC News Political Director Rick Klein called for the ""cleansing"" of Trump supporters Thursday following the chaos on Capitol Hill."
2021-01-07 16:17:41,1,dailywire.com,https://www.dailywire.com/news/senate-majority-leader-mitch-mcconnell-unloads-on-unruly-mob-at-u-s-capitol,dailywire.com Senate Majority Leader Mitch McConnell Unloads On Unruly Mob At U.S. Capitol Senate Majority Leader Mitch McConnell released a statement on Thursday slamming those involved in the violence that unfolded yesterday in the nation's
2021-01-07 18:19:24,1,msnbc.com,https://www.msnbc.com/rachel-maddow-show/right-s-new-conspiracy-theory-blame-left-capitol-riot-n1253250,"msnbc.com The right's new conspiracy theory: blame left for Capitol riot The cognitive dissonance is bewildering: The rioters are simultaneously patriots who did the right thing and ""masquerading"" leftists to be condemned?"
2021-01-07 18:19:24,1,aol.com,https://www.aol.com/mob-disrupts-proceedings-congress-turns-083347087.html,"aol.com After mob disrupts proceedings, Congress turns back Electoral College challenge, certifying Biden as the next president After an extraordinary act of violence from a riotous mob forced U.S. legislators to evacuate the Capitol during the counting of the Electoral College votes in the presidential election, Congress voted to certify the results showing President-elect Joe Biden defeated President Trump."
2021-01-07 18:29:37,1,rumble.com,https://rumble.com/vcit5n-resurfaced-video-of-cnns-cuomo-shows-how-hypocritical-he-is-on-protesting.html,rumble.com Resurfaced Video of CNN's Cuomo Shows How Hypocritical He Is On Protesting This is brutal for Cuomo...
2021-01-07 18:29:37,1,washingtonexaminer.com,https://www.washingtonexaminer.com/news/house-democrats-circulate-impeachment-trump,"washingtonexaminer.com Dems Unveil Impeachment Articles Ready To Go To Throw Trump Out Of Office After Capitol Riot House Democrats have launched a new effort to impeach President Trump, circulating articles of impeachment a day after thousands of his supporters overwhelmed the Capitol."
2021-01-07 20:40:58,1,lgbtqnation.com,https://www.lgbtqnation.com/2021/01/world-reacted-trump-worshipping-rioters-taking-hold-u-s-capitol/,"lgbtqnation.com How the world reacted to Trump-worshipping rioters taking hold of the U.S. Capitol The world took to Donald Trump's favorite platform, Twitter, to condemn him as his account got suspended..."
2021-01-07 20:44:07,1,washingtonexaminer.com,https://www.washingtonexaminer.com/news/graham-trump-accomplishments-tarnished-capitol-breach,"washingtonexaminer.com Lindsey Says Capitol Riot 'Tarnished' All Of Trump's Accomplishments: It Was A 'Self-Inflicted Wound' Sen. Lindsey Graham said that President Trump's accomplishments were ""tarnished"" by Wednesday's siege on the Capitol, and suggested that the president was partly to blame for the breach."
2021-01-07 20:44:07,1,foxnews.com,https://www.foxnews.com/media/anderson-cooper-pro-trump-rioters-olive-garden,"foxnews.com Anderson Cooper: Pro-Trump Capitol rioters headed 'to the Olive Garden' after committing mayhem CNN host Anderson Cooper took a shot at the popular restaurant chain Olive Garden on Wednesday, saying the pro-Trump rioters who stormed the U.S. Capitol probably would head there to eat and drink afterward."
2021-01-07 21:58:33,1,newsmax.com,https://www.newsmax.com/Politics/transition-capitol-riot/2021/01/07/id/1004709/,"newsmax.com Trump Says All Avenues Exhausted, Calls for National Unity In a video released Thursday night, President Donald Trump acknowledged that all avenues of his election challenge have been exhausted; he said he..."
2021-01-07 23:18:10,1,npr.org,https://www.npr.org/sections/congress-electoral-college-tally-live-updates/2021/01/06/954227854/video-shows-newly-elected-w-va-lawmaker-among-mob-that-stormed-the-u-s-capitol,"npr.org Video Shows Newly Elected W.Va. Lawmaker Among Mob That Stormed The U.S. Capitol West Virginia Del. Derrick Evans, sworn in last month, was seen in a since-deleted video entering the building. It is unclear whether Evans will face disciplinary action from fellow state lawmakers."
2021-01-08 00:00:37,1,foxnews.com,https://www.foxnews.com/politics/mcenany-condemns-appalling-violence-capitol-promises-orderly-transition,
2021-01-08 00:07:06,1,cnn.com,https://www.cnn.com/2021/01/07/politics/betsy-devos-donald-trump/index.html,"cnn.com Trump's Education Secretary Betsy DeVos submits resignation Education Secretary Betsy DeVos has submitted her resignation, making her the second Cabinet member to resign over President Donald Trump's response to the mob breaching the US Capitol on Wednesday, according to an official."
2021-01-08 00:10:44,1,newsmax.com,https://www.newsmax.com/US/devos/2021/01/07/id/1004723/,
2021-01-08 01:03:52,1,dailywire.com,https://www.dailywire.com/news/lawmakers-vow-to-investigate-police-response-preparedness-after-capitol-breach,"dailywire.com Lawmakers Demand Answers From Capitol Police After Pro-Trump Mob Swarms Past Barricades, Run Amok For Hours Federal lawmakers are pledging to investigate how law enforcement handled Wednesdays breach at the Capitol, when a throng of President Trump's supporters swarmed into the building and ran amok for hours."
2021-01-08 01:07:48,1,usatoday.com,https://www.usatoday.com/story/news/politics/elections/2021/01/06/congress-count-electoral-college-votes-biden-win/6556555002/,"usatoday.com Pence resumes electoral count, says it's a 'dark day' in history of Capitol - live updates Congressional leaders say they plan to finish their count over the next several hours rather than recess until Thursday morning."
2021-01-08 02:00:37,1,foxnews.com,https://www.foxnews.com/us/us-capitol-police-officer-dies-following-injury-sustained-during-riots,"foxnews.com US Capitol Police officer dead following injuries suffered during riot A U.S. Capitol Police officer died Thursday night after suffering injuries during Wednesday's rioting in Washington, police confirmed in a statement."
2021-01-08 02:05:31,1,thefederalist.com,https://thefederalist.com/2021/01/07/the-tipping-point-what-drove-people-to-riot-at-the-capitol/,"thefederalist.com The Tipping Point: What Drove People To Riot At The Capitol? What drove thousands of people to Washington, D.C., to rally for President Trump? And how did their frustrations turn into mob riot?"
2021-01-08 02:11:15,1,go.com,https://abcnews.go.com/Politics/defense-secretary-mattis-trump-fomented-security-breach-us/story,
2021-01-08 02:13:36,1,aol.com,https://www.aol.com/news/explainer-trump-removed-office-term-034153966-092743861.html,aol.com Explainer: Can Trump be removed from office before his term ends on Jan. 20? The storming of the U.S. Capitol by supporters of President Trump on Wednesday has prompted calls by some lawmakers to remove him from office before President-elect Joe Biden is sworn in on Jan. 20.
2021-01-08 02:14:48,1,businessinsider.com,https://www.businessinsider.com/trump-attempted-coup-federal-law-enforcement-capitol-police-2021-1,businessinsider.com Some among America's military allies believe Trump deliberately attempted a coup and may have had help from federal law-enforcement officials The big unanswered question: Why were so few law-enforcement agents at the Capitol when demonstrations like that are usually heavily policed?
2021-01-08 03:02:33,1,go.com,https://abcnews.go.com/Technology/facebook-indefinitely-blocks-trumps-account-violence-capitol/story,abcnews.go.com Facebook 'indefinitely' blocks Trump's account after violence at Capitol Facebook took the unprecedented step of indefinitely banning the president's account.
2021-01-08 03:03:52,1,dailywire.com,https://www.dailywire.com/news/steve-scalise-capitol-overrun-by-anarchists-and-terrorists,"dailywire.com Steve Scalise: Capitol Overrun By Anarchists And Terrorists Rep. Steve Scalise (R-LA), who was himself a previous victim of left-wing violence, unequivocally condemned the riot on Capitol Hill."
2021-01-08 03:07:01,1,nytimes.com,https://www.nytimes.com/2021/01/07/us/politics/pelosi-schumer-25-amendment.html,"nytimes.com Pelosi threatens to pursue impeachment if Trumps cabinet does not remove him using the 25th Amendment. LiveUpdated Jan. 7, 2021, 2:36 p.m. ETJan. 7, 2021, 2:36 p.m. ETLive Updates: Calls for Trumps Removal as Biden Forges Ahead with Justice Picks Congress ratified Mr. Bidens election victory after a day in which a mob of Trump supporters stormed the Capitol. President Trump issued a statement s..."
2021-01-08 03:07:01,1,cbsnews.com,https://www.cbsnews.com/news/derrick-evans-west-virginia-us-capitol-video/,"cbsnews.com West Virginia lawmaker records himself storming the U.S. Capitol: ""We're in!"" Republican Derrick Evans is shown wearing a helmet and clamoring at the door of the Capitol to breach the building."
2021-01-08 03:10:03,1,nypost.com,https://nypost.com/2021/01/07/us-capitol-police-officer-dies-after-dc-riots/,
2021-01-08 04:00:37,1,thepoliticalinsider.com,https://thepoliticalinsider.com/bill-barr-cabinet-members-react-to-riot-fallout-blame-trump/,"thepoliticalinsider.com Former Trump AG Bill Barr Condemns Trump, Cabinet Member Resigns Over Capitol Protest - The Political Insider Former Attorney General William Barr condemned the President and resigned over the events that took place yesterday at the Capitol."
2021-01-08 04:04:54,1,substack.com,https://greenwald.substack.com/p/violence-in-the-capitol-dangers-in-67f,"greenwald.substack.com Violence in the Capitol, Dangers in the Aftermath From the Cold War to the War on Terror: the harms from authoritarian ""solutions"" are often greater than the threats they are ostensibly designed to combat."
2021-01-08 04:07:06,1,msnbc.com,https://www.msnbc.com/rachel-maddow/watch/devos-joins-growing-list-of-trump-administration-resignations-99118149716,"msnbc.com DeVos joins growing list of Trump administration resignations Rachel Maddow rounds up the growing list of Trump administration resignations, including Education Secretary Betsy DeVos, in the wake of the violent riot at the U.S. Capitol fomented by Donald Trump and his political acolytes."
2021-01-08 04:12:46,1,westernjournal.com,https://www.westernjournal.com/tucker-carlson-issues-major-warning-aftermath-capitol-incursion/,"westernjournal.com Tucker Carlson: Capitol Incursion Will Be Used To Strip Americans of Their Basic Rights It's a description of what happened at the Capitol on Wednesday that the establishment media won't get into, but it's dead on."
2021-01-08 05:03:52,1,dailywire.com,https://www.dailywire.com/news/demi-lovato-floats-possible-songs-about-capitol-hill-riots,"dailywire.com Demi Lovato Floats Possible Songs About Capitol Hill Riots As the nation suffers intense division following the horrible riots on Capitol Hill Wednesday, singer Demi Lovato has floated some new possible music"
2021-01-08 05:03:52,1,dailywire.com,https://www.dailywire.com/news/msnbc-reporter-who-claimed-minneapolis-riots-were-mostly-peaceful-in-front-of-burning-building-says-we-shouldnt-sugar-coat-capitol-riots,dailywire.com MSNBC Reporter Who Claimed Minneapolis Riots Were Mostly Peaceful In Front Of Burning Building Says We Shouldnt Sugar Coat Capitol Riots Media outlets that defended this summers violent riots in major cities across America are now treating the riot at the U.S. Capitol building on Wednesday
2021-01-08 07:07:01,1,nytimes.com,https://www.nytimes.com/2021/01/06/us/politics/protesters-storm-capitol-hill-building.html,nytimes.com The storming of Capitol Hill was organized on social media.
2021-01-08 07:07:01,1,nytimes.com,https://www.nytimes.com/2021/01/06/us/politics/lawmakers-end-republicans-effort-to-subvert-the-election-in-an-early-morning-vote.html,"nytimes.com In 93-6 vote, Senate rejects attempt to overturn Bidens election win in Arizona after mayhem at the Capitol."
2021-01-08 07:07:01,1,theguardian.com,http://www.theguardian.com/commentisfree/2021/jan/06/trump-mob-storm-capitol-washington-coup-attempt,"theguardian.com Call it what it was: a coup attempt | Rebecca Solnit I call it a coup attempt because, though I assume that it will not prevent the Biden presidency, it certainly intended to"
2021-01-08 07:43:19,1,dailywire.com,https://www.dailywire.com/news/tech-companies-move-to-limit-trumps-use-of-accounts-until-term-over,dailywire.com Tech Companies Move To Limit Trumps Use Of Accounts Until Term Over Some social media companies have moved to start limiting President Donald Trump from being able to access his accounts until his presidential term is over in response to the Capitol riots on Wednesday.
2021-01-08 07:48:09,1,washingtontimes.com,https://www.washingtontimes.com/news/2021/jan/7/capitol-police-face-shake-after-failure-fend-mob-p/,"washingtontimes.com Capitol Police face shake-up after failure to fend off mob of protesters Lawmakers on Thursday targeted the U.S. Capitol Police for a shake-up after its officers failed to fend off violent pro-Trump protesters who laid siege to the building, resulting in the deaths of four people."
2021-01-08 07:52:25,1,nbcnews.com,https://www.nbcnews.com/politics/politics-news/facing-calls-removal-trump-reverses-positions-election-loss-rioters-covid-n1253397,"nbcnews.com On tape & on script, Trump condemns violence and seems to concede Trump also signaled that there will be a smooth transition of power for the next administration a day after rioters stormed the Capitol."
2021-01-08 07:58:20,1,wgme.com,https://wgme.com/news/nation-world/police-officers-death-intensifies-capitol-siege-questions-01-08-2021,"wgme.com Police officer's death intensifies Capitol siege questions WASHINGTON (AP) A police officer has died from injuries sustained as President Donald Trump's supporters stormed the Capitol, a violent siege that is forcing hard questions about the defeated president's remaining days in office and the ability of the Capitol Police to secure the area. The U..."
2021-01-08 08:07:03,1,foxnews.com,https://www.foxnews.com/media/mainstream-lawlessness-trump-dc-riots-inexcusable-unrest-police,"foxnews.com Coverage of Capitol protests by mainstream media called out, compared to months of anti-police violence The media went out of its way in 2020 to paint sometimes-violent protests across the nation as mostly ""peaceful,"" but finally came around on Wednesday to the notion that mayhem and anarchy is always unacceptable all it took was Trump supporters causing the chaos to spark a swift change of heart."
2021-01-08 08:42:33,1,dailywire.com,https://www.dailywire.com/news/report-dc-mayor-discouraged-federal-law-enforcement-from-assisting-dc-police-ahead-of-rally,"dailywire.com Report: D.C. Mayor 'Discouraged' Federal Law Enforcement From Assisting D.C. Police Ahead Of Rally Washington, D.C., Mayor Muriel Bowser discouraged federal agencies from providing assistance to Washington's Metropolitan Police Department in a letter"
2021-01-08 08:42:33,1,kmov.com,https://www.kmov.com/news/local-clergy-men-call-for-hawleys-resignation-after-u-s-capitol-riot/article_3f228a5c-515b-11eb-b2a6-9f497a3b39d0.html,
2021-01-08 08:51:44,1,youtube.com,https://www.youtube.com/watch?v=%5B%27D8odrDhI2yg%27%5D&feature=%5B%27youtu.be%27%5D,"youtube.com War Protests Pentagon 1967 Documentary clips regarding the 1967 Anti-War Protest march on the Pentagon in Washington DC. Included Military Police from the 503rd MP Battalion, 118th MP ..."
2021-01-08 09:18:47,1,buzzfeednews.com,https://www.buzzfeednews.com/article/briannasacks/west-virginia-republican-delegate-storms-capitol,buzzfeednews.com A Republican West Virginia Legislator Took Part In The Attempted Coup At The Capitol
2021-01-08 10:57:03,1,dailywire.com,https://www.dailywire.com/news/doj-warns-pro-trump-mob-may-have-stolen-national-secrets-when-they-ransacked-house-offices,dailywire.com DoJ Warns Pro-Trump Mob May Have Stolen National Secrets When They Ransacked House Offices The Department of Justice warns that pro-Trump rioters who swept past police and ran amok inside the Capitol on Wednesday may have stolen national
2021-01-08 10:57:03,1,kmov.com,https://www.kmov.com/news/people-at-the-us-capitol-riot-are-being-identified-and-losing-their-jobs/article_597e57f7-afe8-56e5-a801-f8925a1fdf3b.html,"kmov.com People at the US Capitol riot are being identified and losing their jobs As images and social media posts of Wednesday's insurrection at the US Capitol circulate online, some of those who were present are being identified, and some have lost or left"
2021-01-08 11:38:45,1,redstateobserver.com,http://redstateobserver.com/article.asp?id=%5B%27179096%27%5D,redstateobserver.com Domino Effect: Elon Musk Shares Meme Blaming Facebook For Capitol Riot News you need to know
2021-01-08 11:57:26,1,americanmilitarynews.com,https://americanmilitarynews.com/2021/01/jim-mattis-condemns-violence-at-capitol-and-blames-trump/,"americanmilitarynews.com Jim Mattis condemns violence at Capitol and blames Trump | American Military News Trumps former Secretary of Defense, retired four-star Marine Corps Gen. Jim Mattis, released a statement Wednesday blaming the attack on the Capitol"
2021-01-08 12:12:05,1,westernjournal.com,https://www.westernjournal.com/woman-shot-capitol-14-year-usaf-vet-huge-trump-supporter/,"westernjournal.com Woman Shot at Capitol Was 14-Year USAF Vet, Huge Trump Supporter Ashli Babbit was reportedly unarmed when she was shot by Capitol Police during the incursion Wednesday."
2021-01-08 12:33:46,1,thehill.com,https://thehill.com/homenews/house/533340-democrats-poised-to-impeach-trump-again,thehill.com Democrats poised to impeach Trump again House Democrats are racing toward impeaching President Trump for a second time after he incited a mob of his supporters this week to storm the U.S. Capitol and halt Congresss constitutional duty to certify President-elect Joe Bidens victory.
2021-01-08 12:33:46,1,breitbart.com,https://www.breitbart.com/the-media/2021/01/07/mark-steyn-on-hypocrisy-and-sanctimonious-drivel-of-media-coverage-of-u-s-capitol-chaos/,"breitbart.com Mark Steyn on Hypocrisy and Sanctimonious Drivel of Media Coverage of U.S. Capitol Chaos Conservative commentator Mark Steyn addressed his view of the ""sanctimonious drivel of the media coverage of the chaos at the U.S. Capitol."
2021-01-08 12:59:12,1,billoreilly.com,https://www.billoreilly.com/video/video-of-the-day?vid=%5B%27-206577082960250334%27%5D,billoreilly.com Biden Makes the Riot All About Race Joe Biden implies that the police are stone-cold racists who treat criminals differently based on skin color.
2021-01-08 13:43:00,1,dailywire.com,https://www.dailywire.com/news/watch-rubios-emotional-speech-we-have-forgotten-that-america-is-not-a-government,"dailywire.com WATCH: Rubio's Emotional Speech: We Have Forgotten That America Is Not A Government On Wednesday night, as the Senate reconvened after the riot at the Capitol, Senator Marco Rubio gave an emotional speech in which he displayed sensitivity toward Trump supporters who had been upset over what they perceived as media bias over recent months but also condemned the rioters, noting that...."
2021-01-08 13:57:00,1,google.com,https://www.google.com/url?q=%5B%27https%3A%2F%2Fwww.washingtonpost.com%2Fnation%2F2021%2F01%2F08%2Fblack-woman-trump-rally-attack-la%2F%27%5D,"washingtonpost.com Trump supporters attacked a Black woman walking home, she says. Police are investigating it as a hate crime. Berlinda Nibo, 25, said Trump supporters in downtown Los Angeles slapped her, pepper-sprayed her, snatched her wig from her head and verbally harassed her after she tried to record them. The Los Angeles Police Department is investigating it as a hate crime."
2021-01-08 14:18:48,1,yahoo.com,https://www.yahoo.com/entertainment/lucy-lawless-condemns-former-xena-172030716.html,"yahoo.com Lucy Lawless condemns former Xena costar Kevin Sorbo for spreading far-right conspiracy theory ""No, Peanut. They are not Patriots,"" Lucy Lawless replied, going on to slam the actor's endorsement of the conspiracy theory."
2021-01-08 15:23:52,1,foxnews.com,https://www.foxnews.com/politics/anti-trump-activist-entered-capitol-wednesday,"foxnews.com BLM activist inside Capitol claims he was 'documenting' riots, once said 'burn it all down' A Black Lives Matter activist and former Olympic speed skater who entered the Capitol Building Wednesday alongside a mob of pro-Trump protesters said Thursday he wanted to document the events as they unfolded."
2021-01-08 15:53:16,1,nbcnews.com,https://www.nbcnews.com/news/us-news/man-foot-desk-pelosi-s-office-capitol-arrested-n1253490,nbcnews.com Man with foot up on desk in Pelosi's office at Capitol arrested Images apparently showing Richard Barnett of Arkansas in House Speaker Nancy Pelosi's office became emblematic of the mayhem that tore across the U.S. Capitol.
2021-01-08 17:43:30,1,rumble.com,https://rumble.com/vcjxnp-shocking-new-video-capitol-police-appear-to-just-let-protesters-into-buildi.html,rumble.com Shocking New Video: Capitol Police Appear To Just Let Protesters Into Building We need answers on what actually happened. This is crazy.
2021-01-08 17:56:24,1,fox8.com,https://fox8.com/news/what-we-know-about-the-5-people-who-died-during-wednesdays-capitol-riot/,fox8.com What we know about the 5 people who died during Wednesdays Capitol riot The death of a Capitol Police officer brings the death toll from Wednesdays riot at the U.S. Capitol to 5 people.
2021-01-08 19:23:48,1,go.com,https://abcnews.go.com/Politics/fbi-posts-photo-person-suspected-pipe-bombs-dnc/story,"abcnews.go.com FBI posts photo of person who placed suspected pipe bombs outside DNC, RNC The FBI has shared a photo of the person responsible for placing the suspected explosive devices outside the RNC and DNC Wednesday, prior to the U.S. Capitol protests."
2021-01-08 19:58:00,1,washingtonexaminer.com,https://www.washingtonexaminer.com/news/democrats-impeachment-article-trump-capitol-incitement-insurrection,"washingtonexaminer.com Over 150 Dems Sign On To New Impeachment Articles To Rip Trump Out, Block Him From 2024 Run More than 150 House Democrats signed on to a resolution to impeach President Trump for ""willfully inciting violence"" in a way that resulted in a mob of his supporters breaching the U.S. Capitol on Wednesday and to prevent him from holding future federal office."
2021-01-08 19:58:00,1,dailywire.com,https://www.dailywire.com/news/we-need-answers-congressman-calls-for-investigation-after-video-appears-to-show-police-allowing-rioters-into-capitol-building,dailywire.com We Need Answers: Congressman Calls For Investigation After Video Appears To Show Police Allowing Rioters Into Capitol Building Rep. Chip Roy (R-TX) demanded answers Friday after video emerged on social media that seemingly depicts Capitol Police opening the doors to pro-Trump